{"cameraMode":{"drawMode":0,"name":"Shaded","section":"Shading Mode"},"sceneLighting":false,"audioPlay":false,"sceneViewState":{"showFog":true,"showMaterialUpdate":false,"showSkybox":false,"showFlares":true,"showImageEffects":true,"showParticleSystems":true,"showVisualEffectGraphs":true,"m_FxEnabled":true},"in2DMode":false,"pivot":{"x":2.7996323108673097,"y":1.5913726091384888,"z":-3.675568103790283},"rotation":{"x":-0.2451666295528412,"y":0.09955625981092453,"z":-0.025259340181946756,"w":-0.9641146063804627},"size":0.22406812012195588,"orthographic":false}