{"cameraMode":{"drawMode":0,"name":"Shaded","section":"Shading Mode"},"sceneLighting":true,"audioPlay":false,"sceneViewState":{"showFog":true,"showMaterialUpdate":false,"showSkybox":true,"showFlares":true,"showImageEffects":true,"showParticleSystems":true,"showVisualEffectGraphs":true,"m_FxEnabled":true},"in2DMode":false,"pivot":{"x":8.280152320861817,"y":-16.295326232910158,"z":21.919273376464845},"rotation":{"x":0.3197719156742096,"y":0.15310396254062653,"z":-0.05273754522204399,"w":0.9336898922920227},"size":14.151253700256348,"orthographic":false}