{"cameraMode":{"drawMode":0,"name":"Shaded","section":"Shading Mode"},"sceneLighting":true,"audioPlay":false,"sceneViewState":{"showFog":true,"showMaterialUpdate":false,"showSkybox":true,"showFlares":true,"showImageEffects":true,"showParticleSystems":true,"showVisualEffectGraphs":true,"m_FxEnabled":true},"in2DMode":false,"pivot":{"x":0.5590429306030273,"y":-14.688544273376465,"z":28.051729202270509},"rotation":{"x":0.24198774993419648,"y":-0.02793477289378643,"z":0.006958932150155306,"w":0.9698845148086548},"size":18.89329719543457,"orthographic":false}