{"cameraMode":{"drawMode":0,"name":"Shaded","section":"Shading Mode"},"sceneLighting":true,"audioPlay":false,"sceneViewState":{"showFog":true,"showMaterialUpdate":false,"showSkybox":true,"showFlares":true,"showImageEffects":true,"showParticleSystems":true,"showVisualEffectGraphs":true,"m_FxEnabled":true},"in2DMode":false,"pivot":{"x":10.173832893371582,"y":-23.634302139282228,"z":35.84178924560547},"rotation":{"x":0.27428361773490908,"y":0.11339709907770157,"z":-0.03425410017371178,"w":0.9548674821853638},"size":23.177156448364259,"orthographic":false}