{"cameraMode":{"drawMode":0,"name":"Shaded","section":"Shading Mode"},"sceneLighting":true,"audioPlay":false,"sceneViewState":{"showFog":true,"showMaterialUpdate":false,"showSkybox":true,"showFlares":true,"showImageEffects":true,"showParticleSystems":true,"showVisualEffectGraphs":true,"m_FxEnabled":true},"in2DMode":false,"pivot":{"x":-14.032903671264649,"y":-5.159358501434326,"z":43.24888610839844},"rotation":{"x":0.07285507023334503,"y":0.011674413457512856,"z":-0.002018405357375741,"w":0.9976727366447449},"size":20.60869789123535,"orthographic":false}