{"cameraMode":{"drawMode":0,"name":"Shaded","section":"Shading Mode"},"sceneLighting":true,"audioPlay":false,"sceneViewState":{"showFog":true,"showMaterialUpdate":false,"showSkybox":true,"showFlares":true,"showImageEffects":true,"showParticleSystems":true,"showVisualEffectGraphs":true,"m_FxEnabled":true},"in2DMode":false,"pivot":{"x":1.07245671749115,"y":-14.712470054626465,"z":27.26626968383789},"rotation":{"x":-0.23768864572048188,"y":0.018362533301115037,"z":-0.004400274250656366,"w":-0.9712381958961487},"size":17.431926727294923,"orthographic":false}