{"cameraMode":{"drawMode":0,"name":"Shaded","section":"Shading Mode"},"sceneLighting":true,"audioPlay":false,"sceneViewState":{"showFog":true,"showMaterialUpdate":false,"showSkybox":true,"showFlares":true,"showImageEffects":true,"showParticleSystems":true,"showVisualEffectGraphs":true,"m_FxEnabled":true},"in2DMode":false,"pivot":{"x":1.8662216663360596,"y":-5.9391398429870609,"z":20.76775550842285},"rotation":{"x":0.1642627865076065,"y":0.004152559209614992,"z":-0.0006894752732478082,"w":0.9864248037338257},"size":12.01962947845459,"orthographic":false}