{"cameraMode":{"drawMode":0,"name":"Shaded","section":"Shading Mode"},"sceneLighting":true,"audioPlay":false,"sceneViewState":{"showFog":true,"showMaterialUpdate":false,"showSkybox":true,"showFlares":true,"showImageEffects":true,"showParticleSystems":true,"showVisualEffectGraphs":true,"m_FxEnabled":true},"in2DMode":false,"pivot":{"x":30.47456932067871,"y":-3.7102410793304445,"z":5.0474019050598148},"rotation":{"x":-0.06078488007187843,"y":-0.6330516934394836,"z":0.050206709653139117,"w":-0.7702801823616028},"size":14.151253700256348,"orthographic":false}